"patient","value","AIC"
"all (glme)",0.574893951361234,1755.27426428578
"all (null)",0.564048123847902,1937.58468440158
"2",0.530773683149615
"4",0.532861308314701
"6",0.590516908463835
"7",0.800496792651773
"8",0.400297981224763
"9",0.206106965427766
"10",0.192243024416261
"13",0.627550744019311
"16",0.817609168336178
"20",0.425577926252972
"21",0.850883850760848
"22",0.90037077428544
"23",0.603646732152244
"24",0.443573293214193
"25",0.461734859915247
