"patient","value","AIC"
"all (glme)",0.453551912568308,256.110353848107
"all (null)",0.453551912647871,254.110353848107
"1",0.453551912568303
"2",0.453551912568305
"3",0.453551912568309
"4",0.453551912568301
"5",0.453551912568318
"8",0.453551912568295
"9",0.453551912568321
