"patient","value","conf.low","conf.high","p.value"
"all","0.453551912568306","0.379970837166075","0.52866216585889","0.236822713130817"
"1","0.428571428571429","0.277206747799628","0.59038872923713","0.440799067342597"
"2","0.421052631578947","0.202521438977163","0.665002155988265","0.647605895996094"
"3","0.473684210526316","0.244474689466196","0.711356752083001","1"
"4","0.3","0.0667395111777345","0.652452850059997","0.34375"
"5","0.571428571428571","0.340206309280275","0.78180314311487","0.663623809814453"
"8","0.391304347826087","0.250879411560763","0.54625862058754","0.183924821376991"
"9","0.576923076923077","0.369180380923967","0.766478016872557","0.557197093963623"
